date,keyword,rank
2026-08-02 16:24:57,Delhi to Ayodhya tour package,-1
2026-08-02 16:24:57,Mumbai to Ayodhya tour package,-1
2026-08-02 16:24:57,Ahmedabad to Ayodhya tour package,-1
2026-08-02 16:24:57,ayodhya to varanasi distance,-1
2026-08-02 16:24:57,lucknow to ayodhya same day tour,-1
2026-08-02 16:26:42,Delhi to Ayodhya tour package,-1
2026-08-02 16:26:42,Mumbai to Ayodhya tour package,-1
2026-08-02 16:26:42,Ahmedabad to Ayodhya tour package,-1
2026-08-02 16:26:42,ayodhya to varanasi distance,-1
2026-08-02 16:26:42,lucknow to ayodhya same day tour,-1
2026-08-02 16:51:28,Delhi to Ayodhya tour package,-1
2026-08-02 16:51:28,Mumbai to Ayodhya tour package,-1
2026-08-02 16:51:28,Ahmedabad to Ayodhya tour package,-1
2026-08-02 16:51:28,ayodhya to varanasi distance,-1
2026-08-02 16:51:28,lucknow to ayodhya same day tour,-1
2026-08-03 10:09:07,Delhi to Ayodhya tour package,-1
2026-08-03 10:09:07,Mumbai to Ayodhya tour package,-1
2026-08-03 10:09:07,Ahmedabad to Ayodhya tour package,-1
2026-08-03 10:09:07,ayodhya to varanasi distance,-1
2026-08-03 10:09:07,lucknow to ayodhya same day tour,-1
2026-08-03 10:30:40,Delhi to Ayodhya tour package,-1
2026-08-03 10:30:40,Mumbai to Ayodhya tour package,-1
2026-08-03 10:30:40,Ahmedabad to Ayodhya tour package,-1
2026-08-03 10:30:40,ayodhya to varanasi distance,-1
2026-08-03 10:30:40,lucknow to ayodhya same day tour,-1
2026-08-03 10:30:51,Delhi to Ayodhya tour package,-1
2026-08-03 10:30:51,Mumbai to Ayodhya tour package,-1
2026-08-03 10:30:51,Ahmedabad to Ayodhya tour package,-1
2026-08-03 10:30:51,ayodhya to varanasi distance,-1
2026-08-03 10:30:51,lucknow to ayodhya same day tour,-1
2026-08-03 10:31:13,Delhi to Ayodhya tour package,-1
2026-08-03 10:31:13,Mumbai to Ayodhya tour package,-1
2026-08-03 10:31:13,Ahmedabad to Ayodhya tour package,-1
2026-08-03 10:31:13,ayodhya to varanasi distance,-1
2026-08-03 10:31:13,lucknow to ayodhya same day tour,-1
2026-08-03 10:31:38,Delhi to Ayodhya tour package,-1
2026-08-03 10:31:38,Mumbai to Ayodhya tour package,-1
2026-08-03 10:31:38,Ahmedabad to Ayodhya tour package,-1
2026-08-03 10:31:38,ayodhya to varanasi distance,-1
2026-08-03 10:31:38,lucknow to ayodhya same day tour,-1
2026-08-03 10:42:00,Delhi to Ayodhya tour package,-1
2026-08-03 10:42:00,Mumbai to Ayodhya tour package,-1
2026-08-03 10:42:00,Ahmedabad to Ayodhya tour package,-1
2026-08-03 10:42:00,ayodhya to varanasi distance,-1
2026-08-03 10:42:00,lucknow to ayodhya same day tour,-1
2026-08-04 10:09:03,Delhi to Ayodhya tour package,-2
2026-08-04 10:09:03,Mumbai to Ayodhya tour package,-2
2026-08-04 10:09:03,Ahmedabad to Ayodhya tour package,-2
2026-08-04 10:09:03,ayodhya to varanasi distance,-2
2026-08-04 10:09:03,lucknow to ayodhya same day tour,-2
2026-08-04 23:23:18,Delhi to Ayodhya tour package,-1
2026-08-04 23:23:18,Mumbai to Ayodhya tour package,-1
2026-08-04 23:23:18,Ahmedabad to Ayodhya tour package,-1
2026-08-04 23:23:18,ayodhya to varanasi distance,-1
2026-08-04 23:23:18,lucknow to ayodhya same day tour,-1
2026-08-05 10:11:43,Delhi to Ayodhya tour package,-2
2026-08-05 10:11:43,Mumbai to Ayodhya tour package,-2
2026-08-05 10:11:43,Ahmedabad to Ayodhya tour package,-2
2026-08-05 10:11:43,ayodhya to varanasi distance,-2
2026-08-05 10:11:43,lucknow to ayodhya same day tour,-2
2026-08-06 01:06:48,Delhi to Ayodhya tour package,-1
2026-08-06 01:06:48,Mumbai to Ayodhya tour package,-1
2026-08-06 01:06:48,Ahmedabad to Ayodhya tour package,-1
2026-08-06 01:06:48,ayodhya to varanasi distance,-1
2026-08-06 01:06:48,lucknow to ayodhya same day tour,-1
2026-08-06 10:00:04,Delhi to Ayodhya tour package,-1
2026-08-06 10:00:04,Mumbai to Ayodhya tour package,-1
2026-08-06 10:00:04,Ahmedabad to Ayodhya tour package,-1
2026-08-06 10:00:04,ayodhya to varanasi distance,-1
2026-08-06 10:00:04,lucknow to ayodhya same day tour,-1
2026-08-06 12:05:00,Delhi to Ayodhya tour package,-1
2026-08-06 12:05:00,Mumbai to Ayodhya tour package,-1
2026-08-06 12:05:00,Ahmedabad to Ayodhya tour package,-1
2026-08-06 12:05:00,ayodhya to varanasi distance,-1
2026-08-06 12:05:00,lucknow to ayodhya same day tour,-1
2026-08-07 10:00:05,Delhi to Ayodhya tour package,-1
2026-08-07 10:00:05,Mumbai to Ayodhya tour package,-1
2026-08-07 10:00:05,Ahmedabad to Ayodhya tour package,-1
2026-08-07 10:00:05,ayodhya to varanasi distance,-1
2026-08-07 10:00:05,lucknow to ayodhya same day tour,-1
2026-08-08 10:06:48,Delhi to Ayodhya tour package,-2
2026-08-08 10:06:48,Mumbai to Ayodhya tour package,-2
2026-08-08 10:06:48,Ahmedabad to Ayodhya tour package,-2
2026-08-08 10:06:48,ayodhya to varanasi distance,-2
2026-08-08 10:06:48,lucknow to ayodhya same day tour,-2
2026-08-09 10:01:07,Delhi to Ayodhya tour package,-2
2026-08-09 10:01:07,Mumbai to Ayodhya tour package,-2
2026-08-09 10:01:07,Ahmedabad to Ayodhya tour package,-2
2026-08-09 10:01:07,ayodhya to varanasi distance,-2
2026-08-09 10:01:07,lucknow to ayodhya same day tour,-2
2026-08-09 17:47:41,Delhi to Ayodhya tour package,-1
2026-08-09 17:47:41,Mumbai to Ayodhya tour package,-1
2026-08-09 17:47:41,Ahmedabad to Ayodhya tour package,-1
2026-08-09 17:47:41,ayodhya to varanasi distance,-1
2026-08-09 17:47:41,lucknow to ayodhya same day tour,-1
2026-08-10 10:03:53,Delhi to Ayodhya tour package,-2
2026-08-10 10:03:53,Mumbai to Ayodhya tour package,-2
2026-08-10 10:03:53,Ahmedabad to Ayodhya tour package,-2
2026-08-10 10:03:53,ayodhya to varanasi distance,-2
2026-08-10 10:03:53,lucknow to ayodhya same day tour,-2
2026-08-10 14:40:24,Delhi to Ayodhya tour package,-1
2026-08-10 14:40:24,Mumbai to Ayodhya tour package,-1
2026-08-10 14:40:24,Ahmedabad to Ayodhya tour package,-1
2026-08-10 14:40:24,ayodhya to varanasi distance,-1
2026-08-10 14:40:24,lucknow to ayodhya same day tour,-1
2026-08-11 10:10:34,Delhi to Ayodhya tour package,-2
2026-08-11 10:10:34,Mumbai to Ayodhya tour package,-2
2026-08-11 10:10:34,Ahmedabad to Ayodhya tour package,-2
2026-08-11 10:10:34,ayodhya to varanasi distance,-2
2026-08-11 10:10:34,lucknow to ayodhya same day tour,-2
2026-08-12 10:00:05,Delhi to Ayodhya tour package,-1
2026-08-12 10:00:05,Mumbai to Ayodhya tour package,-1
2026-08-12 10:00:05,Ahmedabad to Ayodhya tour package,-1
2026-08-12 10:00:05,ayodhya to varanasi distance,-1
2026-08-12 10:00:05,lucknow to ayodhya same day tour,-1
2026-08-13 10:00:02,Delhi to Ayodhya tour package,-2
2026-08-13 10:00:02,Mumbai to Ayodhya tour package,-2
2026-08-13 10:00:02,Ahmedabad to Ayodhya tour package,-2
2026-08-13 10:00:02,ayodhya to varanasi distance,-2
2026-08-13 10:00:02,lucknow to ayodhya same day tour,-2
2026-08-13 23:00:36,Delhi to Ayodhya tour package,-1
2026-08-13 23:00:36,Mumbai to Ayodhya tour package,-1
2026-08-13 23:00:36,Ahmedabad to Ayodhya tour package,-1
2026-08-13 23:00:36,ayodhya to varanasi distance,-1
2026-08-13 23:00:36,lucknow to ayodhya same day tour,-1
2026-08-13 23:07:11,Delhi to Ayodhya tour package,-1
2026-08-13 23:07:11,Mumbai to Ayodhya tour package,-1
2026-08-13 23:07:11,Ahmedabad to Ayodhya tour package,-1
2026-08-13 23:07:11,ayodhya to varanasi distance,-1
2026-08-13 23:07:11,lucknow to ayodhya same day tour,-1
2026-08-14 10:13:37,Delhi to Ayodhya tour package,-2
2026-08-14 10:13:37,Mumbai to Ayodhya tour package,-2
2026-08-14 10:13:37,Ahmedabad to Ayodhya tour package,-2
2026-08-14 10:13:37,ayodhya to varanasi distance,-2
2026-08-14 10:13:37,lucknow to ayodhya same day tour,-2
2026-08-14 14:56:37,Delhi to Ayodhya tour package,-1
2026-08-14 14:56:37,Mumbai to Ayodhya tour package,-1
2026-08-14 14:56:37,Ahmedabad to Ayodhya tour package,-1
2026-08-14 14:56:37,ayodhya to varanasi distance,-1
2026-08-14 14:56:37,lucknow to ayodhya same day tour,-1
2026-08-15 10:07:49,Delhi to Ayodhya tour package,-2
2026-08-15 10:07:49,Mumbai to Ayodhya tour package,-2
2026-08-15 10:07:49,Ahmedabad to Ayodhya tour package,-2
2026-08-15 10:07:49,ayodhya to varanasi distance,-2
2026-08-15 10:07:49,lucknow to ayodhya same day tour,-2
2026-08-15 13:33:12,Delhi to Ayodhya tour package,-1
2026-08-15 13:33:12,Mumbai to Ayodhya tour package,-1
2026-08-15 13:33:12,Ahmedabad to Ayodhya tour package,-1
2026-08-15 13:33:12,ayodhya to varanasi distance,-1
2026-08-15 13:33:12,lucknow to ayodhya same day tour,-1
2026-08-16 10:05:57,Delhi to Ayodhya tour package,-2
2026-08-16 10:05:57,Mumbai to Ayodhya tour package,-2
2026-08-16 10:05:57,Ahmedabad to Ayodhya tour package,-2
2026-08-16 10:05:57,ayodhya to varanasi distance,-2
2026-08-16 10:05:57,lucknow to ayodhya same day tour,-2
2026-08-16 20:41:35,Delhi to Ayodhya tour package,-1
2026-08-16 20:41:35,Mumbai to Ayodhya tour package,-1
2026-08-16 20:41:35,Ahmedabad to Ayodhya tour package,-1
2026-08-16 20:41:35,ayodhya to varanasi distance,-1
2026-08-16 20:41:35,lucknow to ayodhya same day tour,-1
2026-08-16 21:04:32,Delhi to Ayodhya tour package,-1
2026-08-16 21:04:32,Mumbai to Ayodhya tour package,-1
2026-08-16 21:04:32,Ahmedabad to Ayodhya tour package,-1
2026-08-16 21:04:32,ayodhya to varanasi distance,-1
2026-08-16 21:04:32,lucknow to ayodhya same day tour,-1
2026-08-16 21:33:59,Delhi to Ayodhya tour package,-1
2026-08-16 21:33:59,Mumbai to Ayodhya tour package,-1
2026-08-16 21:33:59,Ahmedabad to Ayodhya tour package,-1
2026-08-16 21:33:59,ayodhya to varanasi distance,-1
2026-08-16 21:33:59,lucknow to ayodhya same day tour,-1
2026-08-16 21:40:35,Delhi to Ayodhya tour package,-1
2026-08-16 21:40:35,Mumbai to Ayodhya tour package,-1
2026-08-16 21:40:35,Ahmedabad to Ayodhya tour package,-1
2026-08-16 21:40:35,ayodhya to varanasi distance,-1
2026-08-16 21:40:35,lucknow to ayodhya same day tour,-1
2026-08-16 22:16:11,Delhi to Ayodhya tour package,-1
2026-08-16 22:16:11,Mumbai to Ayodhya tour package,-1
2026-08-16 22:16:11,Ahmedabad to Ayodhya tour package,-1
2026-08-16 22:16:11,ayodhya to varanasi distance,-1
2026-08-16 22:16:11,lucknow to ayodhya same day tour,-1
2026-08-17 10:00:04,Delhi to Ayodhya tour package,-1
2026-08-17 10:00:04,Mumbai to Ayodhya tour package,-1
2026-08-17 10:00:04,Ahmedabad to Ayodhya tour package,-1
2026-08-17 10:00:04,ayodhya to varanasi distance,-1
2026-08-17 10:00:04,lucknow to ayodhya same day tour,-1
2026-08-17 10:09:25,Delhi to Ayodhya tour package,-1
2026-08-17 10:09:25,Mumbai to Ayodhya tour package,-1
2026-08-17 10:09:25,Ahmedabad to Ayodhya tour package,-1
2026-08-17 10:09:25,ayodhya to varanasi distance,-1
2026-08-17 10:09:25,lucknow to ayodhya same day tour,-1
2026-08-18 10:11:52,Delhi to Ayodhya tour package,-2
2026-08-18 10:11:52,Mumbai to Ayodhya tour package,-2
2026-08-18 10:11:52,Ahmedabad to Ayodhya tour package,-2
2026-08-18 10:11:52,ayodhya to varanasi distance,-2
2026-08-18 10:11:52,lucknow to ayodhya same day tour,-2
2026-08-18 11:58:56,Delhi to Ayodhya tour package,-1
2026-08-18 11:58:56,Mumbai to Ayodhya tour package,-1
2026-08-18 11:58:56,Ahmedabad to Ayodhya tour package,-1
2026-08-18 11:58:56,ayodhya to varanasi distance,-1
2026-08-18 11:58:56,lucknow to ayodhya same day tour,-1
2026-08-19 10:02:54,Delhi to Ayodhya tour package,-2
2026-08-19 10:02:54,Mumbai to Ayodhya tour package,-2
2026-08-19 10:02:54,Ahmedabad to Ayodhya tour package,-2
2026-08-19 10:02:54,ayodhya to varanasi distance,-2
2026-08-19 10:02:54,lucknow to ayodhya same day tour,-2
2026-08-25 10:43:12,Delhi to Ayodhya tour package,-1
2026-08-25 10:43:12,Mumbai to Ayodhya tour package,-1
2026-08-25 10:43:12,Ahmedabad to Ayodhya tour package,-1
2026-08-25 10:43:12,ayodhya to varanasi distance,-1
2026-08-25 10:43:12,lucknow to ayodhya same day tour,-1
2026-08-25 10:48:59,Delhi to Ayodhya tour package,-1
2026-08-25 10:48:59,Mumbai to Ayodhya tour package,-1
2026-08-25 10:48:59,Ahmedabad to Ayodhya tour package,-1
2026-08-25 10:48:59,ayodhya to varanasi distance,-1
2026-08-25 10:48:59,lucknow to ayodhya same day tour,-1
2026-08-25 11:25:30,Delhi to Ayodhya tour package,-1
2026-08-25 11:25:30,Mumbai to Ayodhya tour package,-1
2026-08-25 11:25:30,Ahmedabad to Ayodhya tour package,-1
2026-08-25 11:25:30,ayodhya to varanasi distance,-1
2026-08-25 11:25:30,lucknow to ayodhya same day tour,-1
2026-08-26 10:10:38,Delhi to Ayodhya tour package,-2
2026-08-26 10:10:38,Mumbai to Ayodhya tour package,-2
2026-08-26 10:10:38,Ahmedabad to Ayodhya tour package,-2
2026-08-26 10:10:38,ayodhya to varanasi distance,-2
2026-08-26 10:10:38,lucknow to ayodhya same day tour,-2
2026-08-26 12:52:45,Delhi to Ayodhya tour package,-1
2026-08-26 12:52:45,Mumbai to Ayodhya tour package,-1
2026-08-26 12:52:45,Ahmedabad to Ayodhya tour package,-1
2026-08-26 12:52:45,ayodhya to varanasi distance,-1
2026-08-26 12:52:45,lucknow to ayodhya same day tour,-1
2026-08-27 10:05:27,Delhi to Ayodhya tour package,-2
2026-08-27 10:05:27,Mumbai to Ayodhya tour package,-2
2026-08-27 10:05:27,Ahmedabad to Ayodhya tour package,-2
2026-08-27 10:05:27,ayodhya to varanasi distance,-2
2026-08-27 10:05:27,lucknow to ayodhya same day tour,-2
2026-08-27 15:00:29,Delhi to Ayodhya tour package,-1
2026-08-27 15:00:29,Mumbai to Ayodhya tour package,-1
2026-08-27 15:00:29,Ahmedabad to Ayodhya tour package,-1
2026-08-27 15:00:29,ayodhya to varanasi distance,-1
2026-08-27 15:00:29,lucknow to ayodhya same day tour,-1
2026-08-28 10:05:18,Delhi to Ayodhya tour package,-2
2026-08-28 10:05:18,Mumbai to Ayodhya tour package,-2
2026-08-28 10:05:18,Ahmedabad to Ayodhya tour package,-2
2026-08-28 10:05:18,ayodhya to varanasi distance,-2
2026-08-28 10:05:18,lucknow to ayodhya same day tour,-2
2026-08-28 10:34:09,Delhi to Ayodhya tour package,-1
2026-08-28 10:34:09,Mumbai to Ayodhya tour package,-1
2026-08-28 10:34:09,Ahmedabad to Ayodhya tour package,-1
2026-08-28 10:34:09,ayodhya to varanasi distance,-1
2026-08-28 10:34:09,lucknow to ayodhya same day tour,-1
2026-08-29 10:24:33,Delhi to Ayodhya tour package,-2
2026-08-29 10:24:33,Mumbai to Ayodhya tour package,-2
2026-08-29 10:24:33,Ahmedabad to Ayodhya tour package,-1
2026-08-29 10:24:33,ayodhya to varanasi distance,-1
2026-08-29 10:24:33,lucknow to ayodhya same day tour,-1
2026-08-29 13:09:37,Delhi to Ayodhya tour package,-1
2026-08-29 13:09:37,Mumbai to Ayodhya tour package,-1
2026-08-29 13:09:37,Ahmedabad to Ayodhya tour package,-1
2026-08-29 13:09:37,ayodhya to varanasi distance,-1
2026-08-29 13:09:37,lucknow to ayodhya same day tour,-1
2026-08-29 22:06:43,Delhi to Ayodhya tour package,-1
2026-08-29 22:06:43,Mumbai to Ayodhya tour package,-1
2026-08-29 22:06:43,Ahmedabad to Ayodhya tour package,-1
2026-08-29 22:06:43,ayodhya to varanasi distance,-1
2026-08-29 22:06:43,lucknow to ayodhya same day tour,-1
2026-08-29 22:12:46,Delhi to Ayodhya tour package,-1
2026-08-29 22:12:46,Mumbai to Ayodhya tour package,-1
2026-08-29 22:12:46,Ahmedabad to Ayodhya tour package,-1
2026-08-29 22:12:46,ayodhya to varanasi distance,-1
2026-08-29 22:12:46,lucknow to ayodhya same day tour,-1
2026-08-30 10:14:40,Delhi to Ayodhya tour package,-2
2026-08-30 10:14:40,Mumbai to Ayodhya tour package,-2
2026-08-30 10:14:40,Ahmedabad to Ayodhya tour package,-2
2026-08-30 10:14:40,ayodhya to varanasi distance,-2
2026-08-30 10:14:40,lucknow to ayodhya same day tour,-2
2026-08-30 15:28:22,Delhi to Ayodhya tour package,-1
2026-08-30 15:28:22,Mumbai to Ayodhya tour package,-1
2026-08-30 15:28:22,Ahmedabad to Ayodhya tour package,-1
2026-08-30 15:28:22,ayodhya to varanasi distance,-1
2026-08-30 15:28:22,lucknow to ayodhya same day tour,-1
2026-08-31 10:01:21,Delhi to Ayodhya tour package,-2
2026-08-31 10:01:21,Mumbai to Ayodhya tour package,-2
2026-08-31 10:01:21,Ahmedabad to Ayodhya tour package,-2
2026-08-31 10:01:21,ayodhya to varanasi distance,-2
2026-08-31 10:01:21,lucknow to ayodhya same day tour,-1
2026-08-31 11:31:26,Delhi to Ayodhya tour package,-1
2026-08-31 11:31:26,Mumbai to Ayodhya tour package,-1
2026-08-31 11:31:26,Ahmedabad to Ayodhya tour package,-1
2026-08-31 11:31:26,ayodhya to varanasi distance,-1
2026-08-31 11:31:26,lucknow to ayodhya same day tour,-1
2026-08-31 13:45:08,Delhi to Ayodhya tour package,-1
2026-08-31 13:45:08,Mumbai to Ayodhya tour package,-1
2026-08-31 13:45:08,Ahmedabad to Ayodhya tour package,-1
2026-08-31 13:45:08,ayodhya to varanasi distance,-1
2026-08-31 13:45:08,lucknow to ayodhya same day tour,-1
2026-09-01 10:04:58,Delhi to Ayodhya tour package,-2
2026-09-01 10:04:58,Mumbai to Ayodhya tour package,-2
2026-09-01 10:04:58,Ahmedabad to Ayodhya tour package,-2
2026-09-01 10:04:58,ayodhya to varanasi distance,-2
2026-09-01 10:04:58,lucknow to ayodhya same day tour,-2
2026-09-01 13:15:25,Delhi to Ayodhya tour package,-1
2026-09-01 13:15:25,Mumbai to Ayodhya tour package,-1
2026-09-01 13:15:25,Ahmedabad to Ayodhya tour package,-1
2026-09-01 13:15:25,ayodhya to varanasi distance,-1
2026-09-01 13:15:25,lucknow to ayodhya same day tour,-1
2026-09-01 13:30:20,Delhi to Ayodhya tour package,-1
2026-09-01 13:30:20,Mumbai to Ayodhya tour package,-2
2026-09-01 13:30:20,Ahmedabad to Ayodhya tour package,-1
2026-09-01 13:30:20,ayodhya to varanasi distance,-1
2026-09-01 13:30:20,lucknow to ayodhya same day tour,-2
2026-09-01 23:40:53,Delhi to Ayodhya tour package,-1
2026-09-01 23:40:53,Mumbai to Ayodhya tour package,-1
2026-09-01 23:40:53,Ahmedabad to Ayodhya tour package,-1
2026-09-01 23:40:53,ayodhya to varanasi distance,-1
2026-09-01 23:40:53,lucknow to ayodhya same day tour,-1
2026-09-02 10:12:32,Delhi to Ayodhya tour package,-2
2026-09-02 10:12:32,Mumbai to Ayodhya tour package,-2
2026-09-02 10:12:32,Ahmedabad to Ayodhya tour package,-2
2026-09-02 10:12:32,ayodhya to varanasi distance,-2
2026-09-02 10:12:32,lucknow to ayodhya same day tour,-2
2026-09-02 20:38:47,Delhi to Ayodhya tour package,-1
2026-09-02 20:38:47,Mumbai to Ayodhya tour package,-1
2026-09-02 20:38:47,Ahmedabad to Ayodhya tour package,-1
2026-09-02 20:38:47,ayodhya to varanasi distance,-1
2026-09-02 20:38:47,lucknow to ayodhya same day tour,-1
2026-09-03 10:03:45,Delhi to Ayodhya tour package,-2
2026-09-03 10:03:45,Mumbai to Ayodhya tour package,-2
2026-09-03 10:03:45,Ahmedabad to Ayodhya tour package,-2
2026-09-03 10:03:45,ayodhya to varanasi distance,-2
2026-09-03 10:03:45,lucknow to ayodhya same day tour,-2
2026-09-03 14:00:06,Delhi to Ayodhya tour package,-1
2026-09-03 14:00:06,Mumbai to Ayodhya tour package,-1
2026-09-03 14:00:06,Ahmedabad to Ayodhya tour package,-1
2026-09-03 14:00:06,ayodhya to varanasi distance,-1
2026-09-03 14:00:06,lucknow to ayodhya same day tour,-1
2026-09-03 14:11:55,Delhi to Ayodhya tour package,-1
2026-09-03 14:11:55,Mumbai to Ayodhya tour package,-1
2026-09-03 14:11:55,Ahmedabad to Ayodhya tour package,-1
2026-09-03 14:11:55,ayodhya to varanasi distance,-1
2026-09-03 14:11:55,lucknow to ayodhya same day tour,-1
2026-09-04 10:01:16,Delhi to Ayodhya tour package,-2
2026-09-04 10:01:16,Mumbai to Ayodhya tour package,-2
2026-09-04 10:01:16,Ahmedabad to Ayodhya tour package,-2
2026-09-04 10:01:16,ayodhya to varanasi distance,-2
2026-09-04 10:01:16,lucknow to ayodhya same day tour,-2
2026-09-04 14:09:29,Delhi to Ayodhya tour package,-1
2026-09-04 14:09:29,Mumbai to Ayodhya tour package,-1
2026-09-04 14:09:29,Ahmedabad to Ayodhya tour package,-1
2026-09-04 14:09:29,ayodhya to varanasi distance,-1
2026-09-04 14:09:29,lucknow to ayodhya same day tour,-1
2026-09-05 10:02:45,Delhi to Ayodhya tour package,-2
2026-09-05 10:02:45,Mumbai to Ayodhya tour package,-2
2026-09-05 10:02:45,Ahmedabad to Ayodhya tour package,-2
2026-09-05 10:02:45,ayodhya to varanasi distance,-2
2026-09-05 10:02:45,lucknow to ayodhya same day tour,-2
2026-09-05 17:49:16,Delhi to Ayodhya tour package,-1
2026-09-05 17:49:16,Mumbai to Ayodhya tour package,-1
2026-09-05 17:49:16,Ahmedabad to Ayodhya tour package,-1
2026-09-05 17:49:16,ayodhya to varanasi distance,-1
2026-09-05 17:49:16,lucknow to ayodhya same day tour,-1
2026-09-06 10:16:29,Delhi to Ayodhya tour package,-2
2026-09-06 10:16:29,Mumbai to Ayodhya tour package,-2
2026-09-06 10:16:29,Ahmedabad to Ayodhya tour package,-2
2026-09-06 10:16:29,ayodhya to varanasi distance,-2
2026-09-06 10:16:29,lucknow to ayodhya same day tour,-2
2026-09-06 21:26:21,Delhi to Ayodhya tour package,-1
2026-09-06 21:26:21,Mumbai to Ayodhya tour package,-1
2026-09-06 21:26:21,Ahmedabad to Ayodhya tour package,-1
2026-09-06 21:26:21,ayodhya to varanasi distance,-1
2026-09-06 21:26:21,lucknow to ayodhya same day tour,-1
2026-09-08 00:13:38,Delhi to Ayodhya tour package,-1
2026-09-08 00:13:38,Mumbai to Ayodhya tour package,-1
2026-09-08 00:13:38,Ahmedabad to Ayodhya tour package,-1
2026-09-08 00:13:38,ayodhya to varanasi distance,-1
2026-09-08 00:13:38,lucknow to ayodhya same day tour,-1
2026-09-08 10:16:28,Delhi to Ayodhya tour package,-2
2026-09-08 10:16:28,Mumbai to Ayodhya tour package,-2
2026-09-08 10:16:28,Ahmedabad to Ayodhya tour package,-2
2026-09-08 10:16:28,ayodhya to varanasi distance,-2
2026-09-08 10:16:28,lucknow to ayodhya same day tour,-2
2026-09-09 10:08:19,Delhi to Ayodhya tour package,-2
2026-09-09 10:08:19,Mumbai to Ayodhya tour package,-2
2026-09-09 10:08:19,Ahmedabad to Ayodhya tour package,-2
2026-09-09 10:08:19,ayodhya to varanasi distance,-2
2026-09-09 10:08:19,lucknow to ayodhya same day tour,-2
2026-09-10 10:00:01,Delhi to Ayodhya tour package,-1
2026-09-10 10:00:01,Mumbai to Ayodhya tour package,-1
2026-09-10 10:00:01,Ahmedabad to Ayodhya tour package,-1
2026-09-10 10:00:01,ayodhya to varanasi distance,-1
2026-09-10 10:00:01,lucknow to ayodhya same day tour,-1
2026-09-10 17:27:53,Delhi to Ayodhya tour package,-1
2026-09-10 17:27:53,Mumbai to Ayodhya tour package,-1
2026-09-10 17:27:53,Ahmedabad to Ayodhya tour package,-1
2026-09-10 17:27:53,ayodhya to varanasi distance,-1
2026-09-10 17:27:53,lucknow to ayodhya same day tour,-1
2026-09-11 09:50:38,Delhi to Ayodhya tour package,-1
2026-09-11 09:50:38,Mumbai to Ayodhya tour package,-1
2026-09-11 09:50:38,Ahmedabad to Ayodhya tour package,-1
2026-09-11 09:50:38,ayodhya to varanasi distance,-1
2026-09-11 09:50:38,lucknow to ayodhya same day tour,-1
2026-09-11 10:00:00,Delhi to Ayodhya tour package,-1
2026-09-11 10:00:00,Mumbai to Ayodhya tour package,-1
2026-09-11 10:00:00,Ahmedabad to Ayodhya tour package,-1
2026-09-11 10:00:00,ayodhya to varanasi distance,-1
2026-09-11 10:00:00,lucknow to ayodhya same day tour,-1
2026-09-12 10:00:26,Delhi to Ayodhya tour package,-1
2026-09-12 10:00:26,Mumbai to Ayodhya tour package,-1
2026-09-12 10:00:26,Ahmedabad to Ayodhya tour package,-1
2026-09-12 10:00:26,ayodhya to varanasi distance,-1
2026-09-12 10:00:26,lucknow to ayodhya same day tour,-1
2026-09-12 10:14:25,Delhi to Ayodhya tour package,-1
2026-09-12 10:14:25,Mumbai to Ayodhya tour package,-1
2026-09-12 10:14:25,Ahmedabad to Ayodhya tour package,-1
2026-09-12 10:14:25,ayodhya to varanasi distance,-1
2026-09-12 10:14:25,lucknow to ayodhya same day tour,-1
2026-09-12 10:15:38,Delhi to Ayodhya tour package,-1
2026-09-12 10:15:38,Mumbai to Ayodhya tour package,-1
2026-09-12 10:15:38,Ahmedabad to Ayodhya tour package,-1
2026-09-12 10:15:38,ayodhya to varanasi distance,-1
2026-09-12 10:15:38,lucknow to ayodhya same day tour,-1
